t_end_iso,window_sec,tp,fp,fn,precision,recall,f1,detections,gt_anomalies
2025-10-02T22:48:40.649356+00:00,10,0,0,3,0.0000,0.0000,0.0000,0,3
2025-10-02T22:48:41.876871+00:00,10,0,0,2,0.0000,0.0000,0.0000,0,2
2025-10-02T22:48:43.103332+00:00,10,0,0,2,0.0000,0.0000,0.0000,0,2
2025-10-02T22:48:44.330030+00:00,10,0,0,2,0.0000,0.0000,0.0000,0,2
2025-10-02T22:48:45.569821+00:00,10,0,0,2,0.0000,0.0000,0.0000,0,2
2025-10-02T22:48:46.814212+00:00,10,0,0,2,0.0000,0.0000,0.0000,0,2
2025-10-02T22:48:48.049171+00:00,10,0,0,1,0.0000,0.0000,0.0000,0,1
2025-10-02T22:48:49.278835+00:00,10,0,0,0,0.0000,0.0000,0.0000,0,0
2025-10-02T22:48:50.516655+00:00,10,0,0,0,0.0000,0.0000,0.0000,0,0
2025-10-02T22:48:51.766213+00:00,10,0,0,0,0.0000,0.0000,0.0000,0,0
2025-10-02T22:48:52.989895+00:00,10,0,0,0,0.0000,0.0000,0.0000,0,0
2025-10-02T22:48:54.214457+00:00,10,0,0,0,0.0000,0.0000,0.0000,0,0
2025-10-02T22:48:55.452301+00:00,10,0,0,0,0.0000,0.0000,0.0000,0,0
2025-10-02T22:48:56.670622+00:00,10,0,0,0,0.0000,0.0000,0.0000,0,0
2025-10-02T22:48:57.892231+00:00,10,0,0,1,0.0000,0.0000,0.0000,0,1
2025-10-02T22:48:59.113070+00:00,10,1,0,1,1.0000,0.5000,0.6667,1,2
2025-10-02T22:49:00.343646+00:00,10,1,0,1,1.0000,0.5000,0.6667,1,2
2025-10-02T22:49:01.582635+00:00,10,1,0,1,1.0000,0.5000,0.6667,1,2
2025-10-02T22:49:02.818035+00:00,10,1,0,1,1.0000,0.5000,0.6667,1,2
2025-10-02T22:49:04.052476+00:00,10,1,0,1,1.0000,0.5000,0.6667,1,2
2025-10-02T22:49:05.295410+00:00,10,1,0,1,1.0000,0.5000,0.6667,1,2
2025-10-02T22:49:06.532897+00:00,10,1,0,1,1.0000,0.5000,0.6667,1,2
2025-10-02T22:49:07.763639+00:00,10,1,0,0,1.0000,1.0000,1.0000,1,1
2025-10-02T22:49:08.994359+00:00,10,1,0,0,1.0000,1.0000,1.0000,1,1
2025-10-02T22:49:10.219621+00:00,10,1,0,0,1.0000,1.0000,1.0000,1,1
2025-10-02T22:49:11.445758+00:00,10,0,0,0,0.0000,0.0000,0.0000,0,0
2025-10-02T22:49:12.686282+00:00,10,0,0,0,0.0000,0.0000,0.0000,0,0
2025-10-02T22:49:13.910317+00:00,10,0,0,0,0.0000,0.0000,0.0000,0,0
2025-10-02T22:49:15.128154+00:00,10,0,0,1,0.0000,0.0000,0.0000,0,1
2025-10-02T22:49:16.360959+00:00,10,0,0,2,0.0000,0.0000,0.0000,0,2
2025-10-02T22:49:17.590373+00:00,10,0,0,2,0.0000,0.0000,0.0000,0,2
2025-10-02T22:49:18.822512+00:00,10,0,0,2,0.0000,0.0000,0.0000,0,2
2025-10-02T22:49:20.051311+00:00,10,0,0,2,0.0000,0.0000,0.0000,0,2
2025-10-02T22:49:21.289043+00:00,10,0,0,2,0.0000,0.0000,0.0000,0,2
2025-10-02T22:49:22.518298+00:00,10,0,0,2,0.0000,0.0000,0.0000,0,2
2025-10-02T22:49:23.751455+00:00,10,0,0,2,0.0000,0.0000,0.0000,0,2
2025-10-02T22:49:24.977773+00:00,10,0,0,2,0.0000,0.0000,0.0000,0,2
2025-10-02T22:49:26.204281+00:00,10,0,0,2,0.0000,0.0000,0.0000,0,2
2025-10-02T22:49:27.432506+00:00,10,0,0,2,0.0000,0.0000,0.0000,0,2
2025-10-02T22:49:28.660283+00:00,10,0,0,2,0.0000,0.0000,0.0000,0,2
2025-10-02T22:49:29.884155+00:00,10,0,0,2,0.0000,0.0000,0.0000,0,2
2025-10-02T22:49:31.111501+00:00,10,0,0,2,0.0000,0.0000,0.0000,0,2
2025-10-02T22:49:32.345610+00:00,10,0,0,2,0.0000,0.0000,0.0000,0,2
2025-10-02T22:49:33.580153+00:00,10,0,0,2,0.0000,0.0000,0.0000,0,2
2025-10-02T22:49:34.809388+00:00,10,0,0,0,0.0000,0.0000,0.0000,0,0
2025-10-02T22:49:36.044513+00:00,10,0,0,0,0.0000,0.0000,0.0000,0,0
2025-10-02T22:49:37.275964+00:00,10,0,0,0,0.0000,0.0000,0.0000,0,0
2025-10-02T22:49:38.507991+00:00,10,0,0,0,0.0000,0.0000,0.0000,0,0
2025-10-02T22:49:39.741679+00:00,10,0,0,0,0.0000,0.0000,0.0000,0,0
2025-10-02T22:49:40.964596+00:00,10,0,0,0,0.0000,0.0000,0.0000,0,0
2025-10-02T22:49:42.202390+00:00,10,0,0,0,0.0000,0.0000,0.0000,0,0
2025-10-02T22:49:43.438532+00:00,10,0,0,0,0.0000,0.0000,0.0000,0,0
2025-10-02T22:49:44.667327+00:00,10,0,0,0,0.0000,0.0000,0.0000,0,0
2025-10-02T22:49:45.900039+00:00,10,0,0,0,0.0000,0.0000,0.0000,0,0
2025-10-02T22:49:47.135032+00:00,10,0,0,0,0.0000,0.0000,0.0000,0,0
2025-10-02T22:49:48.371754+00:00,10,0,0,0,0.0000,0.0000,0.0000,0,0
2025-10-02T22:49:49.597164+00:00,10,0,0,0,0.0000,0.0000,0.0000,0,0
2025-10-02T22:49:50.834555+00:00,10,0,0,0,0.0000,0.0000,0.0000,0,0
2025-10-02T22:49:52.065595+00:00,10,0,0,0,0.0000,0.0000,0.0000,0,0
2025-10-02T22:49:53.311056+00:00,10,0,0,0,0.0000,0.0000,0.0000,0,0
2025-10-02T22:49:54.569986+00:00,10,0,0,0,0.0000,0.0000,0.0000,0,0
2025-10-02T22:49:55.803758+00:00,10,1,0,1,1.0000,0.5000,0.6667,1,2
2025-10-02T22:49:57.033382+00:00,10,1,0,1,1.0000,0.5000,0.6667,1,2
2025-10-02T22:49:58.271743+00:00,10,1,0,1,1.0000,0.5000,0.6667,1,2
2025-10-02T22:49:59.508149+00:00,10,1,0,1,1.0000,0.5000,0.6667,1,2
2025-10-02T22:50:00.759386+00:00,10,1,0,1,1.0000,0.5000,0.6667,1,2
2025-10-02T22:50:01.998752+00:00,10,1,0,1,1.0000,0.5000,0.6667,1,2
2025-10-02T22:50:03.244290+00:00,10,1,0,1,1.0000,0.5000,0.6667,1,2
2025-10-02T22:50:04.492922+00:00,10,1,0,1,1.0000,0.5000,0.6667,1,2
2025-10-02T22:50:05.729539+00:00,10,0,0,0,0.0000,0.0000,0.0000,0,0
2025-10-02T22:50:06.964569+00:00,10,1,0,0,1.0000,1.0000,1.0000,1,1
2025-10-02T22:50:08.223945+00:00,10,1,0,0,1.0000,1.0000,1.0000,1,1
2025-10-02T22:50:09.469237+00:00,10,1,0,0,1.0000,1.0000,1.0000,1,1
2025-10-02T22:50:10.700755+00:00,10,1,0,0,1.0000,1.0000,1.0000,1,1
2025-10-02T22:50:11.944372+00:00,10,1,0,0,1.0000,1.0000,1.0000,1,1
2025-10-02T22:50:13.176954+00:00,10,1,0,0,1.0000,1.0000,1.0000,1,1
2025-10-02T22:50:14.413777+00:00,10,1,0,0,1.0000,1.0000,1.0000,1,1
2025-10-02T22:50:15.658404+00:00,10,1,0,0,1.0000,1.0000,1.0000,1,1
2025-10-02T22:50:16.888637+00:00,10,0,0,1,0.0000,0.0000,0.0000,0,1
2025-10-02T22:50:18.121443+00:00,10,0,0,1,0.0000,0.0000,0.0000,0,1
2025-10-02T22:50:19.350728+00:00,10,0,0,1,0.0000,0.0000,0.0000,0,1
2025-10-02T22:50:20.577357+00:00,10,0,0,2,0.0000,0.0000,0.0000,0,2
2025-10-02T22:50:21.814545+00:00,10,0,0,2,0.0000,0.0000,0.0000,0,2
2025-10-02T22:50:23.068018+00:00,10,0,0,1,0.0000,0.0000,0.0000,0,1
2025-10-02T22:50:24.308383+00:00,10,0,0,1,0.0000,0.0000,0.0000,0,1
2025-10-02T22:50:25.543260+00:00,10,0,0,2,0.0000,0.0000,0.0000,0,2
2025-10-02T22:50:26.789510+00:00,10,0,0,2,0.0000,0.0000,0.0000,0,2
2025-10-02T22:50:28.023600+00:00,10,0,0,2,0.0000,0.0000,0.0000,0,2
2025-10-02T22:50:29.268773+00:00,10,1,0,2,1.0000,0.3333,0.5000,1,3
2025-10-02T22:50:30.522557+00:00,10,1,0,1,1.0000,0.5000,0.6667,1,2
2025-10-02T22:50:31.750668+00:00,10,1,0,1,1.0000,0.5000,0.6667,1,2
2025-10-02T22:50:32.974869+00:00,10,1,0,1,1.0000,0.5000,0.6667,1,2
2025-10-02T22:50:34.214399+00:00,10,1,0,1,1.0000,0.5000,0.6667,1,2
2025-10-02T22:50:35.447895+00:00,10,1,0,0,1.0000,1.0000,1.0000,1,1
2025-10-02T22:50:36.688643+00:00,10,1,0,0,1.0000,1.0000,1.0000,1,1
2025-10-02T22:50:37.947255+00:00,10,1,0,0,1.0000,1.0000,1.0000,1,1
2025-10-02T22:50:39.192123+00:00,10,1,0,0,1.0000,1.0000,1.0000,1,1
2025-10-02T22:50:40.432698+00:00,10,0,0,0,0.0000,0.0000,0.0000,0,0
2025-10-02T22:50:41.671679+00:00,10,0,0,1,0.0000,0.0000,0.0000,0,1
2025-10-02T22:50:42.910441+00:00,10,0,0,1,0.0000,0.0000,0.0000,0,1
2025-10-02T22:50:44.148787+00:00,10,0,0,1,0.0000,0.0000,0.0000,0,1
2025-10-02T22:50:45.407970+00:00,10,0,0,1,0.0000,0.0000,0.0000,0,1
2025-10-02T22:50:46.643046+00:00,10,0,0,1,0.0000,0.0000,0.0000,0,1
2025-10-02T22:50:47.876003+00:00,10,0,0,1,0.0000,0.0000,0.0000,0,1
2025-10-02T22:50:49.117506+00:00,10,0,0,1,0.0000,0.0000,0.0000,0,1
2025-10-02T22:50:50.355627+00:00,10,0,0,1,0.0000,0.0000,0.0000,0,1
2025-10-02T22:50:51.606973+00:00,10,0,0,0,0.0000,0.0000,0.0000,0,0
2025-10-02T22:50:52.855930+00:00,10,0,0,0,0.0000,0.0000,0.0000,0,0
2025-10-02T22:50:54.097194+00:00,10,0,0,0,0.0000,0.0000,0.0000,0,0
2025-10-02T22:50:55.364881+00:00,10,0,0,0,0.0000,0.0000,0.0000,0,0
2025-10-02T22:50:56.607676+00:00,10,0,0,0,0.0000,0.0000,0.0000,0,0
2025-10-02T22:50:57.854414+00:00,10,0,0,0,0.0000,0.0000,0.0000,0,0
2025-10-02T22:50:59.101704+00:00,10,0,0,0,0.0000,0.0000,0.0000,0,0
2025-10-02T22:51:00.351956+00:00,10,0,0,0,0.0000,0.0000,0.0000,0,0
2025-10-02T22:51:01.598807+00:00,10,0,0,0,0.0000,0.0000,0.0000,0,0
2025-10-02T22:51:02.836315+00:00,10,0,0,0,0.0000,0.0000,0.0000,0,0
2025-10-02T22:51:04.079498+00:00,10,0,0,0,0.0000,0.0000,0.0000,0,0
2025-10-02T22:51:05.320368+00:00,10,0,0,0,0.0000,0.0000,0.0000,0,0
2025-10-02T22:51:06.572837+00:00,10,0,0,0,0.0000,0.0000,0.0000,0,0
2025-10-02T22:51:07.830103+00:00,10,0,0,0,0.0000,0.0000,0.0000,0,0
2025-10-02T22:51:09.084046+00:00,10,0,0,0,0.0000,0.0000,0.0000,0,0
2025-10-02T22:51:10.325534+00:00,10,0,0,1,0.0000,0.0000,0.0000,0,1
2025-10-02T22:51:11.568736+00:00,10,0,0,1,0.0000,0.0000,0.0000,0,1
2025-10-02T22:51:12.827433+00:00,10,0,0,1,0.0000,0.0000,0.0000,0,1
2025-10-02T22:51:14.074234+00:00,10,0,0,1,0.0000,0.0000,0.0000,0,1
2025-10-02T22:51:15.309889+00:00,10,0,0,1,0.0000,0.0000,0.0000,0,1
2025-10-02T22:51:16.570440+00:00,10,0,0,1,0.0000,0.0000,0.0000,0,1
2025-10-02T22:51:17.814704+00:00,10,0,0,1,0.0000,0.0000,0.0000,0,1
2025-10-02T22:51:19.067030+00:00,10,0,0,1,0.0000,0.0000,0.0000,0,1
2025-10-02T22:51:20.319061+00:00,10,0,0,0,0.0000,0.0000,0.0000,0,0
2025-10-02T22:51:21.584992+00:00,10,0,0,0,0.0000,0.0000,0.0000,0,0
2025-10-02T22:51:22.839569+00:00,10,0,0,0,0.0000,0.0000,0.0000,0,0
2025-10-02T22:51:24.099996+00:00,10,0,0,0,0.0000,0.0000,0.0000,0,0
2025-10-02T22:51:25.337111+00:00,10,0,0,0,0.0000,0.0000,0.0000,0,0
2025-10-02T22:51:26.577126+00:00,10,0,0,0,0.0000,0.0000,0.0000,0,0
2025-10-02T22:51:27.844973+00:00,10,1,0,0,1.0000,1.0000,1.0000,1,1
2025-10-02T22:51:29.093295+00:00,10,1,0,0,1.0000,1.0000,1.0000,1,1
2025-10-02T22:51:30.366830+00:00,10,1,0,0,1.0000,1.0000,1.0000,1,1
2025-10-02T22:51:31.608815+00:00,10,1,0,0,1.0000,1.0000,1.0000,1,1
2025-10-02T22:51:32.869581+00:00,10,1,0,0,1.0000,1.0000,1.0000,1,1
2025-10-02T22:51:34.133435+00:00,10,1,0,0,1.0000,1.0000,1.0000,1,1
2025-10-02T22:51:35.412171+00:00,10,1,0,0,1.0000,1.0000,1.0000,1,1
2025-10-02T22:51:36.665543+00:00,10,1,0,0,1.0000,1.0000,1.0000,1,1
2025-10-02T22:51:37.915332+00:00,10,1,0,0,1.0000,1.0000,1.0000,1,1
2025-10-02T22:51:39.179406+00:00,10,0,0,0,0.0000,0.0000,0.0000,0,0
2025-10-02T22:51:40.427159+00:00,10,0,0,0,0.0000,0.0000,0.0000,0,0
2025-10-02T22:51:41.677206+00:00,10,0,0,2,0.0000,0.0000,0.0000,0,2
2025-10-02T22:51:42.927732+00:00,10,0,0,3,0.0000,0.0000,0.0000,0,3
2025-10-02T22:51:44.218573+00:00,10,0,0,3,0.0000,0.0000,0.0000,0,3
2025-10-02T22:51:45.483484+00:00,10,0,0,3,0.0000,0.0000,0.0000,0,3
2025-10-02T22:51:46.729255+00:00,10,0,0,3,0.0000,0.0000,0.0000,0,3
2025-10-02T22:51:47.994914+00:00,10,0,0,4,0.0000,0.0000,0.0000,0,4
2025-10-02T22:51:49.250573+00:00,10,0,0,4,0.0000,0.0000,0.0000,0,4
2025-10-02T22:51:50.513554+00:00,10,0,0,4,0.0000,0.0000,0.0000,0,4
2025-10-02T22:51:51.766558+00:00,10,0,0,3,0.0000,0.0000,0.0000,0,3
2025-10-02T22:51:53.023013+00:00,10,1,0,2,1.0000,0.3333,0.5000,1,3
2025-10-02T22:51:54.272082+00:00,10,1,0,2,1.0000,0.3333,0.5000,1,3
2025-10-02T22:51:55.521251+00:00,10,1,0,2,1.0000,0.3333,0.5000,1,3
2025-10-02T22:51:56.772463+00:00,10,1,0,2,1.0000,0.3333,0.5000,1,3
2025-10-02T22:51:58.021745+00:00,10,1,0,2,1.0000,0.3333,0.5000,1,3
2025-10-02T22:51:59.269887+00:00,10,1,0,2,1.0000,0.3333,0.5000,1,3
2025-10-02T22:52:00.518782+00:00,10,1,0,1,1.0000,0.5000,0.6667,1,2
2025-10-02T22:52:01.782324+00:00,10,1,0,1,1.0000,0.5000,0.6667,1,2
2025-10-02T22:52:03.021714+00:00,10,0,0,2,0.0000,0.0000,0.0000,0,2
2025-10-02T22:52:04.281972+00:00,10,0,0,2,0.0000,0.0000,0.0000,0,2
2025-10-02T22:52:05.524961+00:00,10,0,0,2,0.0000,0.0000,0.0000,0,2
2025-10-02T22:52:06.772814+00:00,10,0,0,0,0.0000,0.0000,0.0000,0,0
2025-10-02T22:52:08.017212+00:00,10,0,0,0,0.0000,0.0000,0.0000,0,0
2025-10-02T22:52:09.267605+00:00,10,1,0,0,1.0000,1.0000,1.0000,1,1
2025-10-02T22:52:10.523212+00:00,10,1,0,0,1.0000,1.0000,1.0000,1,1
2025-10-02T22:52:11.777261+00:00,10,1,0,0,1.0000,1.0000,1.0000,1,1
2025-10-02T22:52:13.028515+00:00,10,1,0,0,1.0000,1.0000,1.0000,1,1
2025-10-02T22:52:14.294163+00:00,10,1,0,0,1.0000,1.0000,1.0000,1,1
2025-10-02T22:52:15.548060+00:00,10,1,0,0,1.0000,1.0000,1.0000,1,1
2025-10-02T22:52:16.804117+00:00,10,1,0,0,1.0000,1.0000,1.0000,1,1
2025-10-02T22:52:18.055975+00:00,10,1,0,0,1.0000,1.0000,1.0000,1,1
2025-10-02T22:52:19.312606+00:00,10,1,0,1,1.0000,0.5000,0.6667,1,2
2025-10-02T22:52:20.583241+00:00,10,1,0,2,1.0000,0.3333,0.5000,1,3
2025-10-02T22:52:21.840297+00:00,10,1,0,2,1.0000,0.3333,0.5000,1,3
2025-10-02T22:52:23.079767+00:00,10,1,0,2,1.0000,0.3333,0.5000,1,3
2025-10-02T22:52:24.339471+00:00,10,0,0,2,0.0000,0.0000,0.0000,0,2
2025-10-02T22:52:25.587368+00:00,10,0,0,2,0.0000,0.0000,0.0000,0,2
2025-10-02T22:52:26.828152+00:00,10,1,0,2,1.0000,0.3333,0.5000,1,3
2025-10-02T22:52:28.079350+00:00,10,1,0,2,1.0000,0.3333,0.5000,1,3
2025-10-02T22:52:29.337279+00:00,10,1,0,1,1.0000,0.5000,0.6667,1,2
2025-10-02T22:52:30.599719+00:00,10,1,0,1,1.0000,0.5000,0.6667,1,2
2025-10-02T22:52:31.845942+00:00,10,1,0,1,1.0000,0.5000,0.6667,1,2
2025-10-02T22:52:33.099513+00:00,10,1,0,1,1.0000,0.5000,0.6667,1,2
2025-10-02T22:52:34.351033+00:00,10,1,0,1,1.0000,0.5000,0.6667,1,2
2025-10-02T22:52:35.595385+00:00,10,1,0,2,1.0000,0.3333,0.5000,1,3
2025-10-02T22:52:36.852284+00:00,10,1,0,2,1.0000,0.3333,0.5000,1,3
2025-10-02T22:52:38.106955+00:00,10,1,0,2,1.0000,0.3333,0.5000,1,3
2025-10-02T22:52:39.356723+00:00,10,1,0,2,1.0000,0.3333,0.5000,1,3
2025-10-02T22:52:40.609591+00:00,10,1,0,2,1.0000,0.3333,0.5000,1,3
2025-10-02T22:52:41.857794+00:00,10,1,0,2,1.0000,0.3333,0.5000,1,3
2025-10-02T22:52:43.122778+00:00,10,1,0,1,1.0000,0.5000,0.6667,1,2
2025-10-02T22:52:44.395322+00:00,10,1,0,1,1.0000,0.5000,0.6667,1,2
2025-10-02T22:52:45.664342+00:00,10,1,0,0,1.0000,1.0000,1.0000,1,1
2025-10-02T22:52:46.922037+00:00,10,0,0,1,0.0000,0.0000,0.0000,0,1
2025-10-02T22:52:48.179339+00:00,10,0,0,2,0.0000,0.0000,0.0000,0,2
2025-10-02T22:52:49.436928+00:00,10,0,0,2,0.0000,0.0000,0.0000,0,2
2025-10-02T22:52:50.703879+00:00,10,1,0,2,1.0000,0.3333,0.5000,1,3
2025-10-02T22:52:51.972021+00:00,10,1,0,3,1.0000,0.2500,0.4000,1,4
2025-10-02T22:52:53.230481+00:00,10,1,0,3,1.0000,0.2500,0.4000,1,4
2025-10-02T22:52:54.491812+00:00,10,1,0,3,1.0000,0.2500,0.4000,1,4
2025-10-02T22:52:55.750889+00:00,10,1,0,3,1.0000,0.2500,0.4000,1,4
2025-10-02T22:52:57.015418+00:00,10,1,0,2,1.0000,0.3333,0.5000,1,3
2025-10-02T22:52:58.282968+00:00,10,1,0,1,1.0000,0.5000,0.6667,1,2
2025-10-02T22:52:59.545420+00:00,10,1,0,1,1.0000,0.5000,0.6667,1,2
2025-10-02T22:53:00.810748+00:00,10,0,0,1,0.0000,0.0000,0.0000,0,1
2025-10-02T22:53:02.092350+00:00,10,0,0,1,0.0000,0.0000,0.0000,0,1
2025-10-02T22:53:03.353973+00:00,10,0,0,1,0.0000,0.0000,0.0000,0,1
2025-10-02T22:53:04.611291+00:00,10,0,0,1,0.0000,0.0000,0.0000,0,1
2025-10-02T22:53:05.896752+00:00,10,0,0,1,0.0000,0.0000,0.0000,0,1
2025-10-02T22:53:07.150256+00:00,10,0,0,1,0.0000,0.0000,0.0000,0,1
2025-10-02T22:53:08.417497+00:00,10,0,0,1,0.0000,0.0000,0.0000,0,1
2025-10-02T22:53:09.701399+00:00,10,0,0,1,0.0000,0.0000,0.0000,0,1
2025-10-02T22:53:10.991008+00:00,10,0,0,1,0.0000,0.0000,0.0000,0,1
2025-10-02T22:53:12.247592+00:00,10,0,0,1,0.0000,0.0000,0.0000,0,1
2025-10-02T22:53:13.507926+00:00,10,0,0,1,0.0000,0.0000,0.0000,0,1
2025-10-02T22:53:14.763152+00:00,10,1,0,1,1.0000,0.5000,0.6667,1,2
2025-10-02T22:53:16.017552+00:00,10,1,0,0,1.0000,1.0000,1.0000,1,1
2025-10-02T22:53:17.286981+00:00,10,1,0,0,1.0000,1.0000,1.0000,1,1
2025-10-02T22:53:18.552137+00:00,10,1,0,0,1.0000,1.0000,1.0000,1,1
2025-10-02T22:53:19.815438+00:00,10,1,0,1,1.0000,0.5000,0.6667,1,2
2025-10-02T22:53:21.079817+00:00,10,1,0,1,1.0000,0.5000,0.6667,1,2
2025-10-02T22:53:22.346499+00:00,10,1,0,1,1.0000,0.5000,0.6667,1,2
2025-10-02T22:53:23.620990+00:00,10,1,0,1,1.0000,0.5000,0.6667,1,2
2025-10-02T22:53:24.887680+00:00,10,0,0,1,0.0000,0.0000,0.0000,0,1
2025-10-02T22:53:26.136267+00:00,10,0,0,1,0.0000,0.0000,0.0000,0,1
2025-10-02T22:53:27.403944+00:00,10,0,0,1,0.0000,0.0000,0.0000,0,1
2025-10-02T22:53:28.658383+00:00,10,0,0,1,0.0000,0.0000,0.0000,0,1
2025-10-02T22:53:29.904017+00:00,10,0,0,0,0.0000,0.0000,0.0000,0,0
2025-10-02T22:53:31.165470+00:00,10,0,0,0,0.0000,0.0000,0.0000,0,0
2025-10-02T22:53:32.421905+00:00,10,0,0,0,0.0000,0.0000,0.0000,0,0
2025-10-02T22:53:33.698430+00:00,10,0,0,0,0.0000,0.0000,0.0000,0,0
2025-10-02T22:53:34.961137+00:00,10,0,0,0,0.0000,0.0000,0.0000,0,0
2025-10-02T22:53:36.217180+00:00,10,0,0,0,0.0000,0.0000,0.0000,0,0
2025-10-02T22:53:37.472500+00:00,10,0,0,1,0.0000,0.0000,0.0000,0,1
2025-10-02T22:53:38.724291+00:00,10,0,0,1,0.0000,0.0000,0.0000,0,1
2025-10-02T22:53:39.976142+00:00,10,0,0,1,0.0000,0.0000,0.0000,0,1
2025-10-02T22:53:41.232164+00:00,10,0,0,1,0.0000,0.0000,0.0000,0,1
2025-10-02T22:53:42.489854+00:00,10,0,0,2,0.0000,0.0000,0.0000,0,2
2025-10-02T22:53:43.753878+00:00,10,0,0,2,0.0000,0.0000,0.0000,0,2
2025-10-02T22:53:45.007671+00:00,10,0,0,2,0.0000,0.0000,0.0000,0,2
2025-10-02T22:53:46.272565+00:00,10,0,0,2,0.0000,0.0000,0.0000,0,2
2025-10-02T22:53:47.535034+00:00,10,0,0,1,0.0000,0.0000,0.0000,0,1
2025-10-02T22:53:48.809803+00:00,10,0,0,1,0.0000,0.0000,0.0000,0,1
2025-10-02T22:53:50.062712+00:00,10,0,0,1,0.0000,0.0000,0.0000,0,1
2025-10-02T22:53:51.310444+00:00,10,0,0,1,0.0000,0.0000,0.0000,0,1
2025-10-02T22:53:52.577617+00:00,10,0,0,0,0.0000,0.0000,0.0000,0,0
2025-10-02T22:53:53.847591+00:00,10,0,0,0,0.0000,0.0000,0.0000,0,0
2025-10-02T22:53:55.103429+00:00,10,0,0,0,0.0000,0.0000,0.0000,0,0
2025-10-02T22:53:56.365342+00:00,10,0,0,1,0.0000,0.0000,0.0000,0,1
2025-10-02T22:53:57.626344+00:00,10,0,0,1,0.0000,0.0000,0.0000,0,1
2025-10-02T22:53:58.886473+00:00,10,0,0,1,0.0000,0.0000,0.0000,0,1
2025-10-02T22:54:00.145043+00:00,10,0,0,1,0.0000,0.0000,0.0000,0,1
2025-10-02T22:54:01.405349+00:00,10,0,0,1,0.0000,0.0000,0.0000,0,1
2025-10-02T22:54:02.662768+00:00,10,0,0,1,0.0000,0.0000,0.0000,0,1
2025-10-02T22:54:03.914939+00:00,10,0,0,1,0.0000,0.0000,0.0000,0,1
2025-10-02T22:54:05.174951+00:00,10,0,0,1,0.0000,0.0000,0.0000,0,1
2025-10-02T22:54:06.428215+00:00,10,0,0,0,0.0000,0.0000,0.0000,0,0
2025-10-02T22:54:07.685220+00:00,10,0,0,0,0.0000,0.0000,0.0000,0,0
2025-10-02T22:54:08.942534+00:00,10,0,0,0,0.0000,0.0000,0.0000,0,0
2025-10-02T22:54:10.195253+00:00,10,0,0,0,0.0000,0.0000,0.0000,0,0
2025-10-02T22:54:11.448719+00:00,10,0,0,0,0.0000,0.0000,0.0000,0,0
2025-10-02T22:54:12.719914+00:00,10,0,0,0,0.0000,0.0000,0.0000,0,0
2025-10-02T22:54:13.974687+00:00,10,0,0,0,0.0000,0.0000,0.0000,0,0
2025-10-02T22:54:15.238160+00:00,10,0,0,1,0.0000,0.0000,0.0000,0,1
2025-10-02T22:54:16.684298+00:00,10,0,0,1,0.0000,0.0000,0.0000,0,1
2025-10-02T22:54:17.953277+00:00,10,0,0,1,0.0000,0.0000,0.0000,0,1
2025-10-02T22:54:19.219846+00:00,10,1,0,1,1.0000,0.5000,0.6667,1,2
2025-10-02T22:54:20.473860+00:00,10,1,0,1,1.0000,0.5000,0.6667,1,2
2025-10-02T22:54:21.738580+00:00,10,1,0,1,1.0000,0.5000,0.6667,1,2
2025-10-02T22:54:22.997534+00:00,10,1,0,2,1.0000,0.3333,0.5000,1,3
2025-10-02T22:54:24.260946+00:00,10,1,0,2,1.0000,0.3333,0.5000,1,3
2025-10-02T22:54:25.560507+00:00,10,1,0,2,1.0000,0.3333,0.5000,1,3
2025-10-02T22:54:26.828461+00:00,10,1,0,2,1.0000,0.3333,0.5000,1,3
2025-10-02T22:54:28.087830+00:00,10,1,0,2,1.0000,0.3333,0.5000,1,3
2025-10-02T22:54:29.359039+00:00,10,0,0,2,0.0000,0.0000,0.0000,0,2
2025-10-02T22:54:30.632669+00:00,10,0,0,2,0.0000,0.0000,0.0000,0,2
2025-10-02T22:54:31.892103+00:00,10,0,0,1,0.0000,0.0000,0.0000,0,1
2025-10-02T22:54:33.153031+00:00,10,0,0,0,0.0000,0.0000,0.0000,0,0
2025-10-02T22:54:34.421560+00:00,10,0,0,0,0.0000,0.0000,0.0000,0,0
2025-10-02T22:54:35.679469+00:00,10,0,0,0,0.0000,0.0000,0.0000,0,0
2025-10-02T22:54:36.974959+00:00,10,0,0,0,0.0000,0.0000,0.0000,0,0
2025-10-02T22:54:38.240664+00:00,10,0,0,0,0.0000,0.0000,0.0000,0,0
2025-10-02T22:54:39.498453+00:00,10,0,0,0,0.0000,0.0000,0.0000,0,0
2025-10-02T22:54:40.759605+00:00,10,0,0,0,0.0000,0.0000,0.0000,0,0
2025-10-02T22:54:42.011650+00:00,10,0,0,0,0.0000,0.0000,0.0000,0,0
2025-10-02T22:54:43.266955+00:00,10,0,0,0,0.0000,0.0000,0.0000,0,0
2025-10-02T22:54:44.527604+00:00,10,0,0,0,0.0000,0.0000,0.0000,0,0
2025-10-02T22:54:45.781845+00:00,10,0,0,0,0.0000,0.0000,0.0000,0,0
2025-10-02T22:54:47.045603+00:00,10,0,0,0,0.0000,0.0000,0.0000,0,0
2025-10-02T22:54:48.337944+00:00,10,0,0,0,0.0000,0.0000,0.0000,0,0
2025-10-02T22:54:49.599080+00:00,10,0,0,1,0.0000,0.0000,0.0000,0,1
2025-10-02T22:54:50.869104+00:00,10,0,0,1,0.0000,0.0000,0.0000,0,1
2025-10-02T22:54:52.126088+00:00,10,0,0,1,0.0000,0.0000,0.0000,0,1
2025-10-02T22:54:53.384260+00:00,10,0,0,2,0.0000,0.0000,0.0000,0,2
2025-10-02T22:54:54.651610+00:00,10,0,0,2,0.0000,0.0000,0.0000,0,2
2025-10-02T22:54:55.903609+00:00,10,0,0,2,0.0000,0.0000,0.0000,0,2
2025-10-02T22:54:57.159220+00:00,10,0,0,3,0.0000,0.0000,0.0000,0,3
2025-10-02T22:54:58.425637+00:00,10,0,0,3,0.0000,0.0000,0.0000,0,3
2025-10-02T22:54:59.692299+00:00,10,0,0,2,0.0000,0.0000,0.0000,0,2
2025-10-02T22:55:00.945994+00:00,10,0,0,2,0.0000,0.0000,0.0000,0,2
2025-10-02T22:55:02.224505+00:00,10,0,0,2,0.0000,0.0000,0.0000,0,2
2025-10-02T22:55:03.484628+00:00,10,0,0,1,0.0000,0.0000,0.0000,0,1
2025-10-02T22:55:04.753740+00:00,10,0,0,1,0.0000,0.0000,0.0000,0,1
2025-10-02T22:55:06.008596+00:00,10,0,0,1,0.0000,0.0000,0.0000,0,1
2025-10-02T22:55:07.270641+00:00,10,0,0,0,0.0000,0.0000,0.0000,0,0
2025-10-02T22:55:08.529673+00:00,10,0,0,0,0.0000,0.0000,0.0000,0,0
2025-10-02T22:55:09.784624+00:00,10,0,0,0,0.0000,0.0000,0.0000,0,0
2025-10-02T22:55:11.049539+00:00,10,0,0,0,0.0000,0.0000,0.0000,0,0
2025-10-02T22:55:12.312731+00:00,10,0,0,1,0.0000,0.0000,0.0000,0,1
2025-10-02T22:55:13.565032+00:00,10,0,0,1,0.0000,0.0000,0.0000,0,1
2025-10-02T22:55:14.830279+00:00,10,0,0,1,0.0000,0.0000,0.0000,0,1
2025-10-02T22:55:16.097639+00:00,10,0,0,1,0.0000,0.0000,0.0000,0,1
2025-10-02T22:55:17.361156+00:00,10,0,0,1,0.0000,0.0000,0.0000,0,1
2025-10-02T22:55:18.620449+00:00,10,0,0,1,0.0000,0.0000,0.0000,0,1
2025-10-02T22:55:19.875826+00:00,10,0,0,1,0.0000,0.0000,0.0000,0,1
2025-10-02T22:55:21.133583+00:00,10,0,0,1,0.0000,0.0000,0.0000,0,1
2025-10-02T22:55:22.396175+00:00,10,0,0,0,0.0000,0.0000,0.0000,0,0
2025-10-02T22:55:23.662487+00:00,10,0,0,0,0.0000,0.0000,0.0000,0,0
2025-10-02T22:55:24.928894+00:00,10,0,0,2,0.0000,0.0000,0.0000,0,2
2025-10-02T22:55:26.194355+00:00,10,0,0,2,0.0000,0.0000,0.0000,0,2
2025-10-02T22:55:27.474637+00:00,10,0,0,2,0.0000,0.0000,0.0000,0,2
2025-10-02T22:55:28.756354+00:00,10,0,0,2,0.0000,0.0000,0.0000,0,2
2025-10-02T22:55:30.031413+00:00,10,0,0,2,0.0000,0.0000,0.0000,0,2
2025-10-02T22:55:31.298483+00:00,10,0,0,2,0.0000,0.0000,0.0000,0,2
2025-10-02T22:55:32.563086+00:00,10,0,0,2,0.0000,0.0000,0.0000,0,2
2025-10-02T22:55:33.819140+00:00,10,0,0,2,0.0000,0.0000,0.0000,0,2
2025-10-02T22:55:35.087774+00:00,10,0,0,0,0.0000,0.0000,0.0000,0,0
2025-10-02T22:55:36.544847+00:00,10,0,0,0,0.0000,0.0000,0.0000,0,0
2025-10-02T22:55:37.810567+00:00,10,0,0,0,0.0000,0.0000,0.0000,0,0
2025-10-02T22:55:39.072772+00:00,10,0,0,0,0.0000,0.0000,0.0000,0,0
2025-10-02T22:55:40.349089+00:00,10,0,0,0,0.0000,0.0000,0.0000,0,0
2025-10-02T22:55:41.620242+00:00,10,0,0,0,0.0000,0.0000,0.0000,0,0
2025-10-02T22:55:42.892991+00:00,10,0,0,0,0.0000,0.0000,0.0000,0,0
2025-10-02T22:55:44.158186+00:00,10,0,0,1,0.0000,0.0000,0.0000,0,1
2025-10-02T22:55:45.430724+00:00,10,1,0,1,1.0000,0.5000,0.6667,1,2
2025-10-02T22:55:46.715063+00:00,10,1,0,1,1.0000,0.5000,0.6667,1,2
2025-10-02T22:55:47.987674+00:00,10,1,0,1,1.0000,0.5000,0.6667,1,2
2025-10-02T22:55:49.265892+00:00,10,1,0,1,1.0000,0.5000,0.6667,1,2
2025-10-02T22:55:50.559838+00:00,10,1,0,1,1.0000,0.5000,0.6667,1,2
2025-10-02T22:55:51.827923+00:00,10,1,0,2,1.0000,0.3333,0.5000,1,3
2025-10-02T22:55:53.106538+00:00,10,1,0,2,1.0000,0.3333,0.5000,1,3
2025-10-02T22:55:54.381419+00:00,10,1,0,1,1.0000,0.5000,0.6667,1,2
2025-10-02T22:55:55.664442+00:00,10,1,0,2,1.0000,0.3333,0.5000,1,3
2025-10-02T22:55:56.924714+00:00,10,1,0,2,1.0000,0.3333,0.5000,1,3
2025-10-02T22:55:58.198944+00:00,10,1,0,2,1.0000,0.3333,0.5000,1,3
2025-10-02T22:55:59.461336+00:00,10,0,0,2,0.0000,0.0000,0.0000,0,2
2025-10-02T22:56:00.734779+00:00,10,0,0,2,0.0000,0.0000,0.0000,0,2
2025-10-02T22:56:02.011735+00:00,10,0,0,1,0.0000,0.0000,0.0000,0,1
2025-10-02T22:56:03.268314+00:00,10,0,0,1,0.0000,0.0000,0.0000,0,1
2025-10-02T22:56:04.534580+00:00,10,0,0,1,0.0000,0.0000,0.0000,0,1
2025-10-02T22:56:05.795753+00:00,10,0,0,1,0.0000,0.0000,0.0000,0,1
2025-10-02T22:56:07.056312+00:00,10,0,0,1,0.0000,0.0000,0.0000,0,1
2025-10-02T22:56:08.328607+00:00,10,0,0,1,0.0000,0.0000,0.0000,0,1
2025-10-02T22:56:09.627322+00:00,10,0,0,0,0.0000,0.0000,0.0000,0,0
2025-10-02T22:56:10.887122+00:00,10,0,0,0,0.0000,0.0000,0.0000,0,0
2025-10-02T22:56:12.153480+00:00,10,0,0,1,0.0000,0.0000,0.0000,0,1
2025-10-02T22:56:13.423644+00:00,10,0,0,1,0.0000,0.0000,0.0000,0,1
2025-10-02T22:56:14.679366+00:00,10,0,0,1,0.0000,0.0000,0.0000,0,1
2025-10-02T22:56:15.935895+00:00,10,0,0,1,0.0000,0.0000,0.0000,0,1
2025-10-02T22:56:17.208439+00:00,10,0,0,1,0.0000,0.0000,0.0000,0,1
2025-10-02T22:56:18.468405+00:00,10,0,0,2,0.0000,0.0000,0.0000,0,2
2025-10-02T22:56:19.748078+00:00,10,0,0,2,0.0000,0.0000,0.0000,0,2
2025-10-02T22:56:21.018307+00:00,10,0,0,3,0.0000,0.0000,0.0000,0,3
2025-10-02T22:56:22.288448+00:00,10,0,0,3,0.0000,0.0000,0.0000,0,3
2025-10-02T22:56:23.570239+00:00,10,0,0,3,0.0000,0.0000,0.0000,0,3
2025-10-02T22:56:24.850691+00:00,10,0,0,3,0.0000,0.0000,0.0000,0,3
2025-10-02T22:56:26.121388+00:00,10,0,0,3,0.0000,0.0000,0.0000,0,3
2025-10-02T22:56:27.389981+00:00,10,0,0,3,0.0000,0.0000,0.0000,0,3
2025-10-02T22:56:28.670105+00:00,10,0,0,3,0.0000,0.0000,0.0000,0,3
2025-10-02T22:56:29.942307+00:00,10,0,0,2,0.0000,0.0000,0.0000,0,2
2025-10-02T22:56:31.223073+00:00,10,0,0,2,0.0000,0.0000,0.0000,0,2
2025-10-02T22:56:32.511636+00:00,10,0,0,2,0.0000,0.0000,0.0000,0,2
2025-10-02T22:56:33.777889+00:00,10,0,0,2,0.0000,0.0000,0.0000,0,2
2025-10-02T22:56:35.044189+00:00,10,0,0,3,0.0000,0.0000,0.0000,0,3
2025-10-02T22:56:36.319673+00:00,10,1,0,4,1.0000,0.2000,0.3333,1,5
2025-10-02T22:56:37.593687+00:00,10,1,0,4,1.0000,0.2000,0.3333,1,5
2025-10-02T22:56:38.859231+00:00,10,1,0,3,1.0000,0.2500,0.4000,1,4
2025-10-02T22:56:40.160503+00:00,10,1,0,3,1.0000,0.2500,0.4000,1,4
2025-10-02T22:56:41.437918+00:00,10,2,0,3,1.0000,0.4000,0.5714,2,5
2025-10-02T22:56:42.708669+00:00,10,2,0,3,1.0000,0.4000,0.5714,2,5
2025-10-02T22:56:44.008688+00:00,10,2,0,3,1.0000,0.4000,0.5714,2,5
2025-10-02T22:56:45.286249+00:00,10,2,0,2,1.0000,0.5000,0.6667,2,4
2025-10-02T22:56:46.559568+00:00,10,1,0,1,1.0000,0.5000,0.6667,1,2
2025-10-02T22:56:47.861949+00:00,10,1,0,1,1.0000,0.5000,0.6667,1,2
2025-10-02T22:56:49.140964+00:00,10,1,0,1,1.0000,0.5000,0.6667,1,2
2025-10-02T22:56:50.429485+00:00,10,0,0,0,0.0000,0.0000,0.0000,0,0
2025-10-02T22:56:51.701697+00:00,10,0,0,0,0.0000,0.0000,0.0000,0,0
2025-10-02T22:56:52.966135+00:00,10,0,0,0,0.0000,0.0000,0.0000,0,0
2025-10-02T22:56:54.237608+00:00,10,0,0,0,0.0000,0.0000,0.0000,0,0
2025-10-02T22:56:55.525481+00:00,10,0,0,0,0.0000,0.0000,0.0000,0,0
2025-10-02T22:56:56.798542+00:00,10,1,0,2,1.0000,0.3333,0.5000,1,3
2025-10-02T22:56:58.079055+00:00,10,1,0,3,1.0000,0.2500,0.4000,1,4
2025-10-02T22:56:59.395519+00:00,10,1,0,3,1.0000,0.2500,0.4000,1,4
2025-10-02T22:57:00.697097+00:00,10,1,0,3,1.0000,0.2500,0.4000,1,4
2025-10-02T22:57:02.000460+00:00,10,1,0,3,1.0000,0.2500,0.4000,1,4
2025-10-02T22:57:03.283878+00:00,10,1,0,3,1.0000,0.2500,0.4000,1,4
2025-10-02T22:57:04.568959+00:00,10,1,0,3,1.0000,0.2500,0.4000,1,4
2025-10-02T22:57:05.843014+00:00,10,0,0,2,0.0000,0.0000,0.0000,0,2
2025-10-02T22:57:07.108610+00:00,10,0,0,1,0.0000,0.0000,0.0000,0,1
2025-10-02T22:57:08.385991+00:00,10,0,0,0,0.0000,0.0000,0.0000,0,0
2025-10-02T22:57:09.672099+00:00,10,0,0,0,0.0000,0.0000,0.0000,0,0
2025-10-02T22:57:10.951104+00:00,10,0,0,0,0.0000,0.0000,0.0000,0,0
2025-10-02T22:57:12.235849+00:00,10,0,0,0,0.0000,0.0000,0.0000,0,0
2025-10-02T22:57:13.502185+00:00,10,0,0,0,0.0000,0.0000,0.0000,0,0
2025-10-02T22:57:14.779495+00:00,10,1,0,0,1.0000,1.0000,1.0000,1,1
2025-10-02T22:57:16.051555+00:00,10,1,0,1,1.0000,0.5000,0.6667,1,2
2025-10-02T22:57:17.322605+00:00,10,1,0,1,1.0000,0.5000,0.6667,1,2
2025-10-02T22:57:18.612470+00:00,10,1,0,1,1.0000,0.5000,0.6667,1,2
2025-10-02T22:57:19.883530+00:00,10,1,0,1,1.0000,0.5000,0.6667,1,2
2025-10-02T22:57:21.159216+00:00,10,1,0,2,1.0000,0.3333,0.5000,1,3
2025-10-02T22:57:22.463903+00:00,10,1,0,2,1.0000,0.3333,0.5000,1,3
2025-10-02T22:57:23.770608+00:00,10,1,0,2,1.0000,0.3333,0.5000,1,3
2025-10-02T22:57:25.043870+00:00,10,0,0,3,0.0000,0.0000,0.0000,0,3
2025-10-02T22:57:26.318096+00:00,10,0,0,2,0.0000,0.0000,0.0000,0,2
2025-10-02T22:57:27.591748+00:00,10,0,0,2,0.0000,0.0000,0.0000,0,2
2025-10-02T22:57:28.856049+00:00,10,0,0,2,0.0000,0.0000,0.0000,0,2
2025-10-02T22:57:30.146242+00:00,10,0,0,2,0.0000,0.0000,0.0000,0,2
2025-10-02T22:57:31.422836+00:00,10,0,0,1,0.0000,0.0000,0.0000,0,1
2025-10-02T22:57:32.708036+00:00,10,0,0,1,0.0000,0.0000,0.0000,0,1
2025-10-02T22:57:33.993217+00:00,10,0,0,1,0.0000,0.0000,0.0000,0,1
2025-10-02T22:57:35.281033+00:00,10,0,0,0,0.0000,0.0000,0.0000,0,0
2025-10-02T22:57:36.608490+00:00,10,0,0,1,0.0000,0.0000,0.0000,0,1
2025-10-02T22:57:37.904438+00:00,10,0,0,1,0.0000,0.0000,0.0000,0,1
2025-10-02T22:57:39.193335+00:00,10,0,0,1,0.0000,0.0000,0.0000,0,1
2025-10-02T22:57:40.469944+00:00,10,0,0,1,0.0000,0.0000,0.0000,0,1
2025-10-02T22:57:41.753756+00:00,10,0,0,1,0.0000,0.0000,0.0000,0,1
2025-10-02T22:57:43.046024+00:00,10,0,0,1,0.0000,0.0000,0.0000,0,1
2025-10-02T22:57:44.337882+00:00,10,0,0,1,0.0000,0.0000,0.0000,0,1
2025-10-02T22:57:45.633058+00:00,10,0,0,2,0.0000,0.0000,0.0000,0,2
2025-10-02T22:57:46.953611+00:00,10,0,0,2,0.0000,0.0000,0.0000,0,2
2025-10-02T22:57:48.235650+00:00,10,0,0,2,0.0000,0.0000,0.0000,0,2
2025-10-02T22:57:49.527442+00:00,10,0,0,2,0.0000,0.0000,0.0000,0,2
2025-10-02T22:57:50.803434+00:00,10,0,0,2,0.0000,0.0000,0.0000,0,2
2025-10-02T22:57:52.066519+00:00,10,0,0,3,0.0000,0.0000,0.0000,0,3
2025-10-02T22:57:53.352307+00:00,10,0,0,3,0.0000,0.0000,0.0000,0,3
2025-10-02T22:57:54.636081+00:00,10,0,0,3,0.0000,0.0000,0.0000,0,3
2025-10-02T22:57:55.922177+00:00,10,0,0,3,0.0000,0.0000,0.0000,0,3
2025-10-02T22:57:57.200493+00:00,10,0,0,2,0.0000,0.0000,0.0000,0,2
2025-10-02T22:57:58.496883+00:00,10,0,0,2,0.0000,0.0000,0.0000,0,2
2025-10-02T22:57:59.771934+00:00,10,0,0,1,0.0000,0.0000,0.0000,0,1
2025-10-02T22:58:01.097071+00:00,10,0,0,1,0.0000,0.0000,0.0000,0,1
2025-10-02T22:58:02.388230+00:00,10,0,0,1,0.0000,0.0000,0.0000,0,1
2025-10-02T22:58:03.659836+00:00,10,1,0,0,1.0000,1.0000,1.0000,1,1
2025-10-02T22:58:04.945215+00:00,10,1,0,0,1.0000,1.0000,1.0000,1,1
2025-10-02T22:58:06.233412+00:00,10,1,0,0,1.0000,1.0000,1.0000,1,1
2025-10-02T22:58:07.521678+00:00,10,1,0,0,1.0000,1.0000,1.0000,1,1
2025-10-02T22:58:08.827872+00:00,10,1,0,0,1.0000,1.0000,1.0000,1,1
2025-10-02T22:58:10.107645+00:00,10,1,0,1,1.0000,0.5000,0.6667,1,2
2025-10-02T22:58:11.391478+00:00,10,1,0,2,1.0000,0.3333,0.5000,1,3
2025-10-02T22:58:12.699817+00:00,10,1,0,2,1.0000,0.3333,0.5000,1,3
2025-10-02T22:58:13.993426+00:00,10,0,0,2,0.0000,0.0000,0.0000,0,2
2025-10-02T22:58:15.280987+00:00,10,0,0,2,0.0000,0.0000,0.0000,0,2
2025-10-02T22:58:16.572435+00:00,10,0,0,2,0.0000,0.0000,0.0000,0,2
2025-10-02T22:58:17.859084+00:00,10,0,0,2,0.0000,0.0000,0.0000,0,2
2025-10-02T22:58:19.150764+00:00,10,0,0,1,0.0000,0.0000,0.0000,0,1
2025-10-02T22:58:20.424444+00:00,10,0,0,1,0.0000,0.0000,0.0000,0,1
2025-10-02T22:58:21.705812+00:00,10,0,0,0,0.0000,0.0000,0.0000,0,0
2025-10-02T22:58:22.992557+00:00,10,0,0,0,0.0000,0.0000,0.0000,0,0
2025-10-02T22:58:24.278858+00:00,10,0,0,0,0.0000,0.0000,0.0000,0,0
2025-10-02T22:58:25.561434+00:00,10,0,0,0,0.0000,0.0000,0.0000,0,0
2025-10-02T22:58:26.848164+00:00,10,0,0,1,0.0000,0.0000,0.0000,0,1
2025-10-02T22:58:28.144765+00:00,10,0,0,1,0.0000,0.0000,0.0000,0,1
2025-10-02T22:58:29.425264+00:00,10,0,0,1,0.0000,0.0000,0.0000,0,1
2025-10-02T22:58:30.703129+00:00,10,0,0,1,0.0000,0.0000,0.0000,0,1
2025-10-02T22:58:31.992305+00:00,10,0,0,1,0.0000,0.0000,0.0000,0,1
2025-10-02T22:58:33.274253+00:00,10,0,0,2,0.0000,0.0000,0.0000,0,2
2025-10-02T22:58:34.555073+00:00,10,0,0,2,0.0000,0.0000,0.0000,0,2
2025-10-02T22:58:35.875371+00:00,10,0,0,2,0.0000,0.0000,0.0000,0,2
2025-10-02T22:58:37.152080+00:00,10,0,0,1,0.0000,0.0000,0.0000,0,1
2025-10-02T22:58:38.436712+00:00,10,0,0,1,0.0000,0.0000,0.0000,0,1
2025-10-02T22:58:39.733138+00:00,10,0,0,1,0.0000,0.0000,0.0000,0,1
2025-10-02T22:58:41.008417+00:00,10,0,0,1,0.0000,0.0000,0.0000,0,1
2025-10-02T22:58:42.288552+00:00,10,0,0,1,0.0000,0.0000,0.0000,0,1
2025-10-02T22:58:43.588469+00:00,10,0,0,0,0.0000,0.0000,0.0000,0,0
2025-10-02T22:58:44.866112+00:00,10,0,0,0,0.0000,0.0000,0.0000,0,0
2025-10-02T22:58:46.158408+00:00,10,0,0,0,0.0000,0.0000,0.0000,0,0
2025-10-02T22:58:47.468394+00:00,10,0,0,0,0.0000,0.0000,0.0000,0,0
2025-10-02T22:58:48.750493+00:00,10,0,0,1,0.0000,0.0000,0.0000,0,1
2025-10-02T22:58:50.034291+00:00,10,0,0,1,0.0000,0.0000,0.0000,0,1
2025-10-02T22:58:51.319678+00:00,10,0,0,1,0.0000,0.0000,0.0000,0,1
2025-10-02T22:58:52.597161+00:00,10,0,0,1,0.0000,0.0000,0.0000,0,1
2025-10-02T22:58:53.873812+00:00,10,0,0,1,0.0000,0.0000,0.0000,0,1
2025-10-02T22:58:55.158639+00:00,10,0,0,1,0.0000,0.0000,0.0000,0,1
2025-10-02T22:58:56.451984+00:00,10,0,0,1,0.0000,0.0000,0.0000,0,1
2025-10-02T22:58:57.737069+00:00,10,0,0,1,0.0000,0.0000,0.0000,0,1
2025-10-02T22:58:59.025715+00:00,10,0,0,0,0.0000,0.0000,0.0000,0,0
2025-10-02T22:59:00.327385+00:00,10,0,0,1,0.0000,0.0000,0.0000,0,1
2025-10-02T22:59:01.637607+00:00,10,0,0,1,0.0000,0.0000,0.0000,0,1
2025-10-02T22:59:02.923040+00:00,10,0,0,1,0.0000,0.0000,0.0000,0,1
2025-10-02T22:59:04.214919+00:00,10,0,0,2,0.0000,0.0000,0.0000,0,2
2025-10-02T22:59:05.495065+00:00,10,0,0,2,0.0000,0.0000,0.0000,0,2
2025-10-02T22:59:06.782502+00:00,10,0,0,3,0.0000,0.0000,0.0000,0,3
2025-10-02T22:59:08.072047+00:00,10,0,0,3,0.0000,0.0000,0.0000,0,3
2025-10-02T22:59:09.363622+00:00,10,0,0,3,0.0000,0.0000,0.0000,0,3
2025-10-02T22:59:10.665050+00:00,10,0,0,3,0.0000,0.0000,0.0000,0,3
2025-10-02T22:59:11.950347+00:00,10,0,0,3,0.0000,0.0000,0.0000,0,3
2025-10-02T22:59:13.240472+00:00,10,0,0,3,0.0000,0.0000,0.0000,0,3
2025-10-02T22:59:14.533595+00:00,10,1,0,3,1.0000,0.2500,0.4000,1,4
2025-10-02T22:59:15.821399+00:00,10,1,0,2,1.0000,0.3333,0.5000,1,3
2025-10-02T22:59:17.134233+00:00,10,1,0,1,1.0000,0.5000,0.6667,1,2
2025-10-02T22:59:18.434544+00:00,10,1,0,0,1.0000,1.0000,1.0000,1,1
2025-10-02T22:59:19.731453+00:00,10,1,0,1,1.0000,0.5000,0.6667,1,2
2025-10-02T22:59:21.043572+00:00,10,1,0,1,1.0000,0.5000,0.6667,1,2
2025-10-02T22:59:22.343897+00:00,10,1,0,1,1.0000,0.5000,0.6667,1,2
2025-10-02T22:59:23.631789+00:00,10,1,0,1,1.0000,0.5000,0.6667,1,2
2025-10-02T22:59:24.943761+00:00,10,1,0,1,1.0000,0.5000,0.6667,1,2
2025-10-02T22:59:26.270471+00:00,10,1,0,1,1.0000,0.5000,0.6667,1,2
2025-10-02T22:59:27.569373+00:00,10,1,0,2,1.0000,0.3333,0.5000,1,3
2025-10-02T22:59:28.859021+00:00,10,1,0,2,1.0000,0.3333,0.5000,1,3
2025-10-02T22:59:30.154708+00:00,10,1,0,2,1.0000,0.3333,0.5000,1,3
2025-10-02T22:59:31.446878+00:00,10,1,0,1,1.0000,0.5000,0.6667,1,2
2025-10-02T22:59:32.768319+00:00,10,1,0,1,1.0000,0.5000,0.6667,1,2
2025-10-02T22:59:34.060331+00:00,10,0,0,1,0.0000,0.0000,0.0000,0,1
2025-10-02T22:59:35.348780+00:00,10,0,0,1,0.0000,0.0000,0.0000,0,1
2025-10-02T22:59:36.675015+00:00,10,0,0,0,0.0000,0.0000,0.0000,0,0
2025-10-02T22:59:38.043177+00:00,10,0,0,0,0.0000,0.0000,0.0000,0,0
2025-10-02T22:59:39.340538+00:00,10,0,0,0,0.0000,0.0000,0.0000,0,0
2025-10-02T22:59:40.633950+00:00,10,0,0,0,0.0000,0.0000,0.0000,0,0
2025-10-02T22:59:41.960320+00:00,10,0,0,1,0.0000,0.0000,0.0000,0,1
2025-10-02T22:59:43.244944+00:00,10,0,0,1,0.0000,0.0000,0.0000,0,1
2025-10-02T22:59:44.537395+00:00,10,0,0,1,0.0000,0.0000,0.0000,0,1
2025-10-02T22:59:45.837625+00:00,10,0,0,1,0.0000,0.0000,0.0000,0,1
2025-10-02T22:59:47.130158+00:00,10,0,0,1,0.0000,0.0000,0.0000,0,1
2025-10-02T22:59:48.414154+00:00,10,0,0,1,0.0000,0.0000,0.0000,0,1
2025-10-02T22:59:49.710494+00:00,10,0,0,1,0.0000,0.0000,0.0000,0,1
2025-10-02T22:59:50.999368+00:00,10,0,0,0,0.0000,0.0000,0.0000,0,0
2025-10-02T22:59:52.293314+00:00,10,0,0,0,0.0000,0.0000,0.0000,0,0
2025-10-02T22:59:53.597413+00:00,10,0,0,2,0.0000,0.0000,0.0000,0,2
2025-10-02T22:59:54.880833+00:00,10,0,0,2,0.0000,0.0000,0.0000,0,2
2025-10-02T22:59:56.179041+00:00,10,0,0,3,0.0000,0.0000,0.0000,0,3
2025-10-02T22:59:57.459137+00:00,10,0,0,3,0.0000,0.0000,0.0000,0,3
2025-10-02T22:59:58.740781+00:00,10,0,0,3,0.0000,0.0000,0.0000,0,3
2025-10-02T23:00:00.030543+00:00,10,0,0,3,0.0000,0.0000,0.0000,0,3
2025-10-02T23:00:01.334093+00:00,10,0,0,3,0.0000,0.0000,0.0000,0,3
2025-10-02T23:00:02.632839+00:00,10,0,0,3,0.0000,0.0000,0.0000,0,3
2025-10-02T23:00:03.921090+00:00,10,0,0,1,0.0000,0.0000,0.0000,0,1
2025-10-02T23:00:05.203369+00:00,10,0,0,0,0.0000,0.0000,0.0000,0,0
2025-10-02T23:00:06.499514+00:00,10,0,0,0,0.0000,0.0000,0.0000,0,0
2025-10-02T23:00:07.786595+00:00,10,0,0,1,0.0000,0.0000,0.0000,0,1
2025-10-02T23:00:09.096392+00:00,10,0,0,1,0.0000,0.0000,0.0000,0,1
2025-10-02T23:00:10.378046+00:00,10,0,0,1,0.0000,0.0000,0.0000,0,1
2025-10-02T23:00:11.687683+00:00,10,0,0,1,0.0000,0.0000,0.0000,0,1
2025-10-02T23:00:12.987026+00:00,10,0,0,1,0.0000,0.0000,0.0000,0,1
2025-10-02T23:00:14.274994+00:00,10,0,0,1,0.0000,0.0000,0.0000,0,1
2025-10-02T23:00:15.583004+00:00,10,0,0,2,0.0000,0.0000,0.0000,0,2
2025-10-02T23:00:16.883456+00:00,10,0,0,2,0.0000,0.0000,0.0000,0,2
2025-10-02T23:00:18.166755+00:00,10,0,0,2,0.0000,0.0000,0.0000,0,2
2025-10-02T23:00:19.471549+00:00,10,0,0,2,0.0000,0.0000,0.0000,0,2
2025-10-02T23:00:20.772378+00:00,10,0,0,2,0.0000,0.0000,0.0000,0,2
2025-10-02T23:00:22.075858+00:00,10,0,0,2,0.0000,0.0000,0.0000,0,2
2025-10-02T23:00:23.387937+00:00,10,0,0,2,0.0000,0.0000,0.0000,0,2
2025-10-02T23:00:24.685057+00:00,10,0,0,1,0.0000,0.0000,0.0000,0,1
2025-10-02T23:00:25.980384+00:00,10,0,0,0,0.0000,0.0000,0.0000,0,0
2025-10-02T23:00:27.285859+00:00,10,0,0,0,0.0000,0.0000,0.0000,0,0
2025-10-02T23:00:28.588075+00:00,10,0,0,0,0.0000,0.0000,0.0000,0,0
2025-10-02T23:00:29.878293+00:00,10,0,0,0,0.0000,0.0000,0.0000,0,0
